gender,race/ethnicity,parental level of education,lunch,test preparation course,math score,reading score,writing score
1,3,5,1,1,78,71,79
1,2,3,1,0,52,56,50
0,2,4,0,0,45,47,47
0,3,2,1,0,35,52,51
0,5,3,1,1,89,95,97
0,4,1,1,0,82,97,95
1,2,2,1,0,64,58,48
0,4,4,0,0,66,81,87
1,4,1,0,1,60,75,65
1,3,2,0,1,60,57,61
0,2,2,1,1,87,94,99
1,5,4,1,0,100,85,84
1,1,2,1,0,91,91,86
1,3,2,1,0,84,81,76
0,4,4,1,0,64,68,72
0,4,1,1,0,54,59,62
1,3,2,0,0,62,59,56
0,1,1,1,0,60,65,62
0,4,0,1,1,64,76,71
1,3,1,1,1,93,92,92
1,3,4,1,0,86,78,76
1,4,1,1,0,80,82,80
0,4,1,0,0,44,57,59
1,2,0,1,0,59,59,58
0,2,2,1,0,69,84,77
1,4,1,1,1,94,100,95
1,4,0,1,0,70,62,56
1,3,1,1,0,70,65,59
1,2,0,1,1,69,66,59
0,1,2,1,0,70,86,85
0,4,2,0,1,50,59,62
0,4,2,1,1,60,67,67
1,3,2,1,1,77,71,70
0,3,3,1,1,67,75,81
0,2,4,0,0,46,70,70
1,3,2,0,0,70,73,64
0,2,0,1,0,52,54,57
1,4,0,1,0,85,70,71
1,3,1,0,0,68,73,62
0,3,5,1,1,88,100,100
0,5,0,1,1,94,99,98
1,2,4,0,1,74,68,69
0,3,2,1,0,51,66,71
0,5,2,1,0,96,95,91
0,5,5,1,1,79,77,82
0,4,0,1,0,61,60,63
0,4,4,0,0,49,51,60
0,5,2,1,1,84,92,91
0,3,0,0,0,57,64,56
0,4,2,1,0,55,57,63
1,3,1,0,0,56,65,56
0,2,2,1,1,61,80,84
1,5,1,0,0,58,47,47
0,3,5,0,0,64,66,69
0,2,1,1,0,71,66,72
1,2,2,0,0,50,48,45
0,5,5,1,0,85,87,87
0,2,2,1,1,72,84,89
0,4,1,0,1,54,77,77
1,3,1,1,0,82,86,78
1,3,0,1,0,77,73,74
1,4,3,1,0,54,57,55
1,2,3,1,0,83,77,74
1,1,2,1,0,66,62,61
0,3,3,1,1,61,63,72
1,5,0,1,1,57,48,41
0,5,1,1,1,83,83,85
1,4,2,1,1,77,74,70
1,3,3,0,0,61,67,64
0,2,0,1,0,80,81,78
0,3,3,1,0,81,92,89
0,3,2,0,1,49,54,64
0,1,4,1,1,68,70,71
0,3,4,1,1,87,98,100
1,3,3,1,0,87,87,75
0,5,2,1,1,81,94,89
1,4,0,0,1,59,64,59
0,5,1,0,0,62,78,69
0,3,0,0,0,51,61,56
1,5,0,1,0,87,77,73
1,4,0,1,0,67,64,58
0,4,2,0,1,64,81,82
0,3,2,1,1,55,62,67
1,3,3,1,1,82,93,93
0,5,0,1,0,71,74,76
0,4,3,0,0,70,79,75
0,3,2,0,1,56,84,87
0,4,1,1,1,84,89,89
0,3,4,1,1,66,82,77
1,5,4,0,0,83,75,76
0,5,0,1,0,67,69,66
1,2,4,1,1,91,73,78
0,2,5,0,0,80,92,88
1,3,0,0,0,53,45,45
0,2,1,1,0,55,57,54
0,4,3,1,0,53,65,68
0,4,5,0,0,67,88,94
0,3,5,1,0,76,65,69
1,3,1,0,0,42,42,35
1,4,0,1,0,54,51,46
1,5,0,1,1,74,74,73
0,3,2,0,1,62,70,78
1,4,3,1,0,79,62,64
0,5,1,1,0,74,59,58
0,3,5,0,0,69,88,87
0,2,0,1,0,65,73,67
0,3,2,1,1,72,80,83
0,2,5,0,0,68,82,79
1,2,1,1,0,66,59,55
0,4,1,1,1,81,86,94
0,2,0,1,0,72,57,63
1,5,1,0,0,74,69,62
0,1,0,1,1,50,73,73
0,1,1,1,0,63,74,72
0,3,0,1,0,67,70,74
0,5,2,1,0,92,90,95
0,1,1,0,0,38,50,43
1,2,2,0,0,61,57,53
0,5,0,1,1,92,83,88
0,5,3,1,0,72,79,79
1,2,1,0,0,62,65,60
1,5,1,1,0,68,70,59
0,2,5,1,0,67,78,79
1,5,1,1,0,69,52,48
0,4,1,0,1,59,66,70
1,4,3,1,0,89,85,84
0,3,2,1,0,58,57,61
1,4,2,0,0,35,39,36
1,4,2,0,1,88,83,86
1,4,1,1,1,68,63,65
0,3,2,1,0,77,87,81
0,5,4,1,1,99,93,99
0,5,0,1,1,87,100,100
0,2,2,0,0,50,59,65
1,2,2,1,0,83,74,65
0,4,4,0,0,46,52,56
1,3,0,1,0,73,58,53
1,3,0,1,0,82,85,78
1,3,4,0,1,63,71,65
1,3,3,1,1,88,79,85
0,1,4,1,1,68,78,77
1,4,0,0,0,66,63,62
0,4,3,1,0,82,76,84
1,3,4,1,1,70,72,66
0,5,2,1,0,84,81,87
1,4,2,1,0,65,59,58
0,1,3,1,0,90,99,94
1,1,1,1,0,87,74,79
0,2,3,1,1,77,82,91
1,2,0,1,0,86,77,77
0,2,2,1,1,85,98,100
1,2,2,1,0,87,83,79
0,5,3,1,0,80,72,77
1,5,2,0,0,71,61,59
0,2,3,1,1,85,98,94
0,1,3,1,0,71,68,72
1,4,1,1,0,68,55,52
0,4,4,1,0,62,74,71
1,5,3,1,0,58,44,43
0,5,1,0,0,46,59,58
0,3,1,1,1,57,55,59
0,4,1,1,0,75,89,98
1,4,1,1,1,81,85,80
1,2,1,1,0,68,68,57
0,2,5,0,0,59,66,64
1,3,0,1,0,56,51,47
0,2,1,1,1,61,79,79
0,3,5,1,1,75,86,90
0,4,1,1,0,87,83,86
0,1,0,0,0,32,47,42
0,3,2,0,0,52,57,58
1,2,3,1,1,72,63,71
1,4,0,1,1,84,82,84
1,1,1,1,0,76,63,58
1,4,4,0,0,53,56,53
1,5,0,0,0,44,42,35
0,3,0,1,1,78,87,95
0,3,0,0,0,61,67,57
0,2,4,1,0,85,91,88
1,2,1,1,0,84,84,82
0,3,4,1,1,77,85,92
0,3,5,1,1,83,92,98
0,4,1,1,0,22,44,35
1,4,4,1,1,100,100,100
0,4,2,0,0,50,49,50
0,2,1,1,1,86,89,87
0,2,4,1,0,60,67,65
1,3,1,1,1,65,65,62
0,4,5,1,1,86,100,96
0,3,2,1,0,57,80,73
1,3,2,0,0,61,56,48
0,5,4,0,0,82,95,88
1,4,3,1,0,95,81,78
0,5,0,1,0,91,97,95
0,4,1,0,0,55,67,65
0,1,1,1,0,52,65,56
0,5,2,0,1,84,95,97
0,4,0,1,0,66,70,74
0,4,0,1,0,62,70,69
0,3,4,1,0,84,95,92
0,5,0,1,0,79,78,75
0,2,3,0,0,42,40,42
0,5,1,1,0,84,79,80
1,4,0,1,1,43,40,47
1,3,1,1,0,69,68,62
1,2,0,1,0,54,60,45
0,4,3,1,0,78,92,90
1,5,5,1,1,100,87,91
0,1,4,0,0,66,79,79
0,3,1,1,0,68,76,71
0,5,4,0,0,66,70,69
0,3,2,0,0,36,46,50
1,1,0,1,0,55,67,60
1,4,2,1,1,78,71,75
1,2,2,1,0,75,77,65
0,1,2,1,0,68,73,72
1,3,1,1,1,74,71,73
1,3,2,1,0,64,64,61
1,2,2,1,0,52,48,44
0,2,3,0,0,79,82,75
1,2,2,0,1,69,78,77
0,2,4,1,0,96,97,98
1,5,3,1,0,77,80,77
0,3,1,1,1,53,66,61
1,3,3,1,1,91,78,81
0,5,2,0,0,59,69,63
0,3,1,1,1,66,78,73
1,3,4,0,0,51,42,39
0,4,1,1,1,78,99,100
1,1,2,1,0,51,50,49
0,2,1,1,0,49,66,61
1,4,3,1,0,89,87,89
1,1,0,1,0,78,74,63
0,3,4,1,0,75,79,86
1,4,0,1,0,34,30,20
1,4,1,1,0,72,62,68
0,5,3,1,0,62,70,68
0,4,4,0,1,79,97,97
1,5,2,1,0,77,74,70
0,2,3,1,1,67,85,88
0,3,4,1,1,68,83,87
1,4,2,0,0,69,65,69
0,2,2,1,1,81,93,90
1,4,0,0,0,58,56,59
1,3,0,1,0,43,39,35
0,4,1,0,0,45,57,54
0,3,1,0,1,50,60,62
1,5,5,0,0,77,77,77
1,2,5,1,1,70,70,69
1,1,1,1,1,78,73,74
1,5,1,0,1,86,84,85
1,1,3,1,0,63,73,62
0,5,5,1,0,77,87,87
0,4,1,0,0,54,71,71
1,3,2,1,0,71,72,69
1,4,0,0,0,69,57,60
1,4,2,0,0,69,54,55
1,2,1,1,0,69,71,64
0,4,2,1,1,66,78,80
1,3,0,0,0,53,57,57
1,5,2,1,0,100,93,87
0,3,4,0,0,83,79,81
0,4,2,1,0,58,71,64
0,4,1,1,1,91,92,100
0,4,2,1,0,61,71,74
1,3,1,1,0,75,68,66
1,3,3,0,1,93,81,83
0,5,0,1,0,79,86,79
1,4,0,1,1,72,66,64
1,4,0,1,0,38,27,24
0,2,1,0,1,71,83,87
1,2,0,1,0,60,44,50
0,2,0,1,0,54,60,62
0,3,1,0,0,40,52,44
1,4,1,1,0,61,60,62
1,3,3,1,1,87,85,89
1,5,2,1,0,82,86,74
1,5,3,0,1,93,90,84
0,2,0,0,0,29,52,42
1,5,2,1,0,72,61,60
1,3,3,1,0,62,60,65
1,2,1,0,0,40,41,37
1,4,2,1,0,63,61,59
1,4,4,1,0,78,80,77
1,4,0,0,0,53,54,51
1,5,0,1,0,72,59,55
0,4,0,1,1,78,82,84
1,3,3,1,0,81,78,72
1,2,3,0,0,34,36,37
1,4,2,1,1,69,60,62
1,5,1,1,1,74,57,59
0,1,3,1,0,60,81,75
1,1,2,0,1,59,61,61
1,4,2,1,0,73,59,62
0,5,4,1,0,100,100,100
1,2,0,1,1,34,27,26
1,5,5,0,0,74,54,53
0,2,2,1,0,60,65,65
1,5,3,1,0,70,60,61
1,2,3,0,1,52,61,57
1,3,1,1,0,56,51,46
1,4,4,1,0,92,93,86
1,5,4,1,1,87,71,72
0,3,2,1,1,77,73,82
1,4,4,0,0,48,42,45
0,3,4,1,0,71,71,68
0,2,2,1,0,64,84,76
1,1,1,1,1,96,94,93
1,4,1,0,0,65,58,54
1,2,2,0,0,45,54,44
1,2,3,0,0,54,54,49
0,2,2,1,0,75,77,77
1,4,2,1,0,57,57,55
1,1,0,1,0,54,45,39
0,4,1,0,1,59,74,75
1,4,2,1,0,67,66,68
0,4,0,1,0,91,94,92
1,3,3,0,0,65,60,58
1,2,1,0,0,70,64,58
0,3,5,1,1,69,80,82
1,4,0,0,0,55,59,51
0,5,2,1,0,55,67,60
0,2,2,1,0,57,75,65
0,3,1,1,0,77,87,85
1,5,3,0,0,80,76,75
1,1,1,1,0,53,51,49
0,1,1,1,0,76,84,85
1,3,1,1,1,83,84,79
1,4,3,1,0,73,71,66
1,4,2,1,0,79,87,83
1,4,1,0,1,67,70,65
0,1,5,1,0,66,76,72
0,3,3,0,0,54,61,61
1,3,4,0,0,67,62,59
0,3,2,1,0,63,65,69
0,2,3,0,0,77,82,82
0,4,3,1,0,64,75,75
1,4,2,1,1,70,57,66
0,3,3,0,0,76,88,85
1,3,2,1,0,85,84,79
1,2,0,1,0,75,66,65
0,3,2,0,0,60,71,69
1,3,2,0,0,54,51,47
0,3,0,1,0,46,58,59
1,4,1,1,1,82,82,78
0,2,1,1,1,77,87,89
0,2,2,1,0,74,75,80
1,3,0,0,0,63,58,56
1,1,2,1,0,66,61,59
0,4,0,0,0,63,74,69
1,3,3,0,0,86,87,81
1,3,0,1,1,79,79,74
1,5,3,0,0,93,95,85
0,4,0,1,1,78,88,90
0,3,3,0,0,77,89,87
1,2,2,1,0,80,82,78
1,2,5,1,1,89,84,87
1,3,1,0,1,63,67,71
1,4,5,1,1,88,85,87
1,4,3,1,0,50,53,49
0,4,3,0,0,64,74,74
1,2,0,0,1,57,69,62
1,5,1,0,0,74,75,68
0,5,4,0,0,70,75,72
0,5,4,1,0,70,72,73
1,3,0,1,1,53,54,52
0,4,0,0,1,53,78,77
0,4,3,1,0,49,61,57
1,3,3,1,0,90,81,77
0,1,1,1,0,71,86,86
0,3,1,1,0,72,85,83
1,4,1,1,1,57,64,63
1,1,2,0,0,36,46,40
1,1,0,1,0,47,44,43
1,4,4,1,0,97,80,84
1,2,1,0,1,74,87,75
0,4,2,1,1,35,37,51
1,2,5,1,0,76,72,74
1,4,3,0,0,78,74,71
1,4,2,1,0,66,64,63
1,2,1,1,0,57,67,61
1,1,1,1,0,70,57,58
0,4,1,1,0,69,84,83
1,3,3,1,0,87,81,81
1,2,1,1,0,71,69,64
1,3,4,1,0,78,70,74
0,5,2,0,0,51,61,62
1,3,5,1,0,58,64,58
1,4,2,1,0,85,77,70
1,1,1,1,0,67,58,59
0,3,4,1,0,78,87,87
0,1,2,1,0,44,55,53
0,2,1,1,0,48,57,60
0,4,3,0,1,70,74,75
0,4,3,1,0,66,78,80
1,3,5,0,0,66,70,62
1,3,3,1,0,68,58,56
1,3,4,1,1,83,88,86
0,2,2,1,1,84,89,91
0,1,2,1,1,30,37,40
1,4,2,1,1,78,86,84
0,3,2,0,0,74,84,81
0,3,1,1,1,82,91,98
0,1,2,1,0,56,64,68
0,2,3,0,0,27,39,42
1,4,3,1,0,78,64,61
0,5,0,0,1,78,91,90
1,4,5,0,1,65,65,66
1,3,5,1,0,78,71,71
0,3,1,0,1,68,74,72
0,2,2,1,1,61,64,71
1,2,3,1,0,57,49,50
1,2,4,1,1,68,65,71
1,3,2,1,0,40,41,36
0,3,1,1,1,64,66,66
0,1,4,1,0,84,76,85
0,3,1,1,1,56,58,64
0,4,0,1,0,50,49,49
0,4,0,0,0,47,52,49
0,1,0,1,0,72,85,81
0,3,0,1,1,75,94,91
0,4,4,0,1,59,78,73
1,2,4,1,1,85,77,76
0,3,3,1,0,85,95,87
1,4,0,1,0,58,49,43
1,1,3,0,1,60,58,57
1,5,0,1,0,67,48,53
0,3,1,1,1,72,77,69
0,4,3,1,0,56,58,63
0,2,0,1,1,82,92,91
1,4,2,0,0,59,61,52
1,5,0,1,0,100,94,85
0,2,3,1,1,79,86,94
1,3,0,1,0,77,76,65
0,4,3,1,0,95,89,92
0,5,2,0,1,65,73,76
1,4,2,1,1,93,84,89
1,1,1,1,0,59,56,58
1,3,4,0,0,35,32,30
1,4,0,1,0,81,77,81
0,3,1,1,0,55,61,63
1,2,0,1,1,63,66,55
1,3,2,0,0,72,66,65
0,5,5,1,0,57,61,62
1,4,3,1,1,90,95,92
0,2,2,1,1,87,97,97
1,3,2,0,0,56,70,66
0,4,4,1,0,73,81,86
0,5,0,1,1,66,86,85
0,3,2,0,0,53,65,68
1,2,3,1,1,73,75,72
1,5,1,0,1,53,51,46
1,3,4,1,0,60,66,69
0,3,4,0,1,53,68,69
0,4,3,1,1,69,80,89
0,2,2,1,0,83,96,95
1,4,0,0,0,58,59,55
0,4,4,0,0,37,64,66
0,1,0,0,1,71,84,85
1,2,3,0,0,74,71,72
0,3,5,0,0,59,77,76
1,3,1,0,1,75,78,78
1,4,1,1,0,70,64,62
1,5,0,0,0,64,60,53
0,3,0,1,0,81,89,92
1,2,5,1,0,81,77,76
0,5,1,1,0,71,72,77
0,3,0,0,0,59,64,60
1,5,4,0,0,57,44,46
0,4,1,1,0,74,76,80
0,4,3,0,1,59,70,79
1,2,3,1,1,86,87,84
1,5,3,0,1,100,100,94
0,4,0,0,0,51,56,57
1,3,0,0,0,60,68,64
0,3,1,1,1,80,92,93
0,3,3,1,0,73,80,77
0,4,0,1,0,62,70,69
0,3,0,1,0,51,61,61
1,2,5,1,0,63,61,64
1,3,0,0,0,60,60,54
0,4,4,0,0,77,79,77
1,1,5,0,0,45,63,55
0,3,1,0,0,39,49,50
0,3,3,0,0,27,41,48
0,2,3,0,0,62,69,67
1,5,0,1,1,93,82,80
1,3,1,0,0,62,50,55
1,3,3,1,0,81,86,73
0,5,2,1,1,57,69,70
1,3,5,0,0,69,77,69
1,3,4,1,0,74,80,78
0,4,0,1,1,78,85,91
1,3,2,1,0,79,73,69
1,3,1,1,0,95,83,79
1,4,0,0,0,61,61,58
0,2,0,1,1,66,80,83
1,4,1,1,1,94,81,88
1,3,3,1,0,85,82,73
1,4,4,1,1,100,96,100
1,2,2,1,0,57,52,52
1,3,2,0,1,41,46,40
0,3,0,0,0,59,72,71
0,2,0,0,1,49,45,56
1,4,2,1,1,82,83,81
1,5,4,0,0,85,82,73
1,3,0,1,1,87,90,84
1,2,4,0,0,67,71,68
0,2,4,0,0,39,53,56
0,2,5,1,0,60,75,74
1,3,3,1,1,73,68,67
1,2,0,1,1,54,61,60
1,4,2,1,0,59,54,58
0,3,0,1,1,53,56,62
1,4,5,0,0,57,56,52
1,3,2,0,1,58,54,46
0,3,1,0,0,23,34,32
1,3,1,1,0,30,33,32
1,3,3,1,1,57,61,54
0,3,2,0,0,46,61,59
0,3,4,1,1,79,90,86
0,2,0,1,0,67,74,72
0,4,3,1,0,31,44,48
1,2,5,1,0,88,78,81
1,5,5,1,1,89,90,85
0,4,2,1,0,76,83,78
0,3,5,1,1,74,79,85
0,3,4,1,0,78,91,84
0,2,3,0,0,42,64,56
0,4,3,0,1,54,73,79
1,4,3,0,0,79,78,76
0,5,1,1,0,69,72,73
1,5,3,1,0,70,65,72
1,3,1,1,0,54,55,47
0,3,5,1,0,58,64,69
0,2,0,1,0,42,47,53
0,2,2,1,1,68,76,79
1,3,3,1,1,80,77,82
0,3,3,1,1,68,81,76
0,3,2,1,0,62,68,66
1,4,2,1,0,77,71,69
0,1,2,1,0,69,79,69
1,5,1,0,0,76,63,61
1,3,2,1,0,78,65,63
0,3,4,1,0,86,87,91
0,3,0,0,1,65,67,71
1,3,1,1,0,60,63,59
1,3,2,0,1,51,56,53
0,2,1,1,1,51,55,60
1,5,1,1,0,97,91,81
0,5,0,0,1,77,70,76
1,4,1,0,1,70,73,68
0,1,2,0,1,60,81,84
0,2,4,1,1,88,96,95
1,4,0,0,1,63,62,62
1,5,5,0,0,63,57,52
0,5,2,0,1,91,100,100
0,2,3,1,0,78,90,88
1,4,0,0,0,47,55,46
1,4,2,1,0,69,69,72
0,5,1,0,0,70,69,67
0,3,5,0,0,62,78,73
0,2,2,1,1,55,78,73
0,3,1,0,0,49,55,57
0,2,3,0,1,41,52,57
0,4,2,0,0,64,73,77
1,3,5,1,0,65,57,54
1,3,4,0,0,59,53,58
1,3,5,1,1,67,75,70
1,4,0,1,1,70,74,68
1,4,3,1,0,61,47,49
1,1,2,1,1,69,69,66
0,1,3,1,1,87,93,99
0,2,2,1,1,40,60,58
0,3,3,0,0,27,47,36
1,3,1,0,0,45,42,46
1,3,2,1,0,72,70,64
0,3,2,1,1,68,77,84
1,5,2,1,0,89,87,82
0,2,4,1,0,71,82,82
1,3,3,0,0,73,71,72
0,2,4,0,1,52,65,68
0,2,3,0,0,52,68,66
0,3,4,1,1,58,74,79
0,3,3,1,0,30,39,32
0,4,4,1,0,62,74,75
1,4,2,0,1,72,79,77
0,4,3,1,0,75,89,86
1,3,2,1,1,75,73,72
1,4,1,1,1,93,94,87
1,4,0,1,1,97,95,93
1,2,2,0,0,75,73,71
1,4,0,1,1,49,49,51
1,4,1,1,0,70,62,58
0,4,0,1,0,72,82,81
0,2,2,0,0,57,65,68
0,2,5,1,0,84,92,98
1,4,1,0,1,68,69,70
0,5,0,1,0,70,63,62
0,2,3,1,0,72,73,75
1,3,4,0,1,91,86,83
1,2,1,1,1,71,70,68
0,4,5,1,1,74,81,82
0,2,2,0,1,63,70,71
0,3,5,1,0,64,72,69
0,2,3,0,0,74,90,82
0,3,3,1,0,68,82,78
0,4,0,1,0,50,49,46
1,4,2,1,1,69,62,62
1,4,0,1,0,74,72,67
0,3,1,1,0,60,64,70
1,4,4,1,0,90,87,86
1,3,2,0,0,59,63,54
0,3,1,1,0,64,68,58
0,3,1,1,0,61,64,66
0,2,3,1,0,84,100,94
1,2,4,1,1,92,100,100
1,3,3,0,0,57,47,50
1,2,3,1,1,57,67,62
0,4,2,0,0,51,65,63
1,2,0,1,1,81,77,76
0,2,5,1,1,51,59,60
0,2,0,1,1,74,77,78
0,2,4,0,0,58,78,68
0,3,3,1,0,66,71,71
0,3,1,1,1,54,68,73
1,2,1,1,0,83,80,75
1,2,2,0,1,51,59,55
1,3,3,1,1,90,93,89
0,1,1,1,1,66,82,81
0,1,2,0,1,58,73,69
1,4,2,1,0,80,80,79
1,2,4,1,0,60,53,54
0,2,3,1,0,55,57,58
0,4,3,1,0,65,65,66
0,2,5,0,0,54,59,62
1,3,3,1,1,73,62,56
1,2,2,0,0,51,59,50
0,2,3,0,0,44,61,59
0,5,3,1,1,68,76,78
1,3,3,0,1,45,51,49
1,4,1,1,0,88,89,83
1,3,3,0,0,64,59,56
1,2,3,1,1,63,69,69
0,3,3,1,1,62,63,72
1,3,2,0,1,63,61,62
0,4,3,1,0,78,82,81
1,2,5,0,1,71,70,66
1,3,5,1,0,54,54,54
1,3,3,0,1,60,57,62
0,4,3,1,1,84,90,96
0,3,0,1,0,73,92,89
1,2,2,0,0,81,70,70
0,1,3,1,0,90,91,91
0,3,3,1,1,65,67,78
1,3,4,0,0,89,77,81
0,5,2,0,0,83,90,82
0,3,5,0,0,58,68,74
1,2,3,1,0,71,75,69
0,5,1,1,0,71,73,80
0,2,0,1,0,74,81,85
1,2,0,1,1,66,57,54
1,4,4,0,0,60,59,58
0,5,0,1,1,42,56,51
1,2,3,1,1,86,75,74
1,4,2,0,0,73,77,68
0,3,4,1,0,72,79,80
0,3,1,1,1,72,91,85
0,2,0,0,1,74,83,81
0,1,1,1,0,59,72,70
0,3,1,1,1,77,86,91
1,3,1,0,1,60,65,67
1,4,1,0,0,47,48,46
1,2,4,1,0,72,71,74
1,5,3,0,1,70,60,58
1,4,4,1,1,100,95,97
0,2,2,0,0,39,54,57
1,5,3,1,1,90,77,86
0,3,3,1,0,60,82,75
1,1,4,0,0,59,51,58
0,3,1,1,0,68,87,77
1,4,1,1,0,91,89,82
0,5,1,1,1,63,66,71
1,2,1,1,0,51,41,39
1,3,1,1,0,64,56,58
1,2,0,1,0,62,60,58
1,3,3,1,1,98,99,96
0,3,0,1,1,61,72,71
0,5,1,1,0,85,93,87
1,5,3,0,1,92,84,87
1,4,3,0,0,37,50,47
0,4,3,1,1,83,97,95
0,3,3,0,0,73,85,86
1,4,3,1,0,69,65,57
0,4,2,0,1,48,63,65
0,3,3,0,0,51,65,58
1,5,2,0,0,53,58,57
1,5,3,1,0,78,69,66
0,3,2,1,0,59,66,65
1,4,2,1,0,93,87,90
0,3,1,0,0,52,57,56
1,3,1,0,0,58,59,54
0,2,1,0,0,65,76,80
0,2,5,1,1,55,65,68
0,3,4,1,0,89,87,84
0,5,3,1,0,82,92,90
1,3,1,0,0,69,71,64
1,5,3,1,1,87,85,84
0,3,4,1,0,70,75,71
0,2,1,1,0,61,67,62
0,4,4,1,0,90,98,99
1,3,0,0,0,66,62,62
1,2,0,1,0,65,54,55
1,3,0,1,0,79,66,66
0,3,2,1,0,77,76,76
0,3,4,1,1,75,85,95
1,5,1,1,0,97,80,74
0,3,3,1,0,76,74,75
1,5,0,1,0,87,80,75
0,4,2,1,1,60,64,76
1,5,3,1,1,100,99,100
1,2,0,0,1,54,58,59
1,2,3,1,1,57,59,62
1,5,5,1,0,76,68,62
0,3,4,0,1,68,85,88
0,1,2,0,0,63,80,78
0,3,2,0,1,63,67,69
0,1,5,1,0,92,99,97
1,2,1,1,0,77,75,69
0,3,3,1,0,71,90,91
0,3,1,1,0,61,63,66
0,5,3,0,0,82,85,80
1,2,1,1,0,58,53,51
1,5,3,1,0,86,84,78
0,4,1,1,0,61,67,71
0,5,1,1,0,93,92,94
1,3,0,1,0,67,73,61
1,4,3,0,0,61,57,60
1,3,0,0,0,48,44,41
1,2,2,1,0,69,66,65
0,3,1,1,1,73,82,86
0,5,1,1,1,87,92,91
1,1,1,1,1,60,68,66
0,2,0,0,1,21,35,34
0,3,3,1,0,72,81,73
1,2,3,0,0,51,49,40
1,1,2,1,0,69,74,68
0,3,2,1,0,82,90,89
1,2,2,0,0,71,60,64
1,5,1,1,1,65,71,71
1,4,4,1,0,81,70,68
1,3,1,1,1,65,61,59
1,3,5,0,0,69,78,75
1,5,2,0,0,56,47,49
0,4,2,0,1,47,61,56
0,2,1,1,0,88,94,87
1,3,4,1,0,76,72,72
1,1,0,0,0,53,56,53
0,4,1,1,0,72,75,74
0,4,0,1,0,72,69,71
0,3,5,0,1,62,72,74
0,3,3,1,1,55,66,70
1,4,1,1,1,73,67,70
0,3,2,1,0,87,90,93
0,3,2,0,0,65,65,63
0,4,4,0,0,60,67,66
1,3,2,1,1,97,99,98
0,1,0,1,1,75,76,82
1,3,1,0,0,43,33,33
1,4,3,1,0,85,88,82
0,3,0,1,0,45,51,45
1,3,4,1,0,77,69,71
1,2,2,0,1,56,53,51
1,1,3,1,1,68,63,68
0,3,4,0,0,49,62,54
1,3,2,1,0,67,70,61
0,3,5,1,1,49,72,70
1,4,0,0,0,56,61,57
0,1,0,1,1,38,44,51
1,4,3,0,0,69,74,73
1,3,2,0,0,73,75,68
0,4,3,0,0,67,76,74
1,4,0,1,1,60,55,61
0,3,4,0,0,45,53,54
1,4,0,1,0,68,62,65
1,3,1,1,0,67,64,59
1,4,3,1,1,90,89,89
0,3,3,1,0,67,73,69
0,2,3,1,0,71,71,76
1,4,0,1,0,66,65,63
1,2,1,0,0,48,49,49
0,4,3,0,1,48,58,62
1,3,2,1,0,79,71,74
1,1,2,0,0,73,70,60
0,4,0,1,0,62,66,66
1,2,5,1,0,67,59,62
1,3,3,1,0,63,50,49
1,4,0,0,0,66,56,53
0,3,0,0,0,61,80,70
0,3,3,1,0,48,57,52
1,3,3,1,1,65,66,69
0,2,2,1,1,60,62,72
1,4,4,0,1,81,78,83
0,4,0,0,0,54,71,65
0,3,4,0,1,50,64,74
0,3,5,1,0,91,100,94
0,3,0,1,0,70,72,76
0,5,1,1,0,72,74,69
1,4,1,0,1,77,79,76
1,4,1,1,0,53,49,47
1,2,1,1,0,88,83,75
1,4,2,1,1,61,53,59
1,4,3,1,0,84,72,73
0,4,3,1,1,84,99,100
0,3,2,0,0,40,46,44
1,4,3,1,1,92,100,100
1,3,4,0,1,81,76,78
1,2,4,0,1,80,78,77
0,4,0,1,1,58,63,69
0,3,3,0,1,53,56,65
0,3,3,0,0,64,75,73
1,3,2,1,0,78,64,58
1,2,4,0,0,74,78,78
1,4,2,1,1,72,59,66
1,2,2,1,1,73,67,69
0,4,3,0,1,72,86,83
1,3,2,1,0,92,91,81
0,2,4,0,0,73,91,84
1,4,1,0,0,65,58,58
0,3,4,0,0,49,66,70
1,3,0,0,0,40,45,43
0,5,1,0,0,77,74,76
1,2,4,1,0,48,43,46
1,4,3,1,0,69,56,63
1,3,0,1,0,71,63,65
1,3,3,1,1,82,78,83
1,3,1,1,1,77,82,77
0,1,1,0,0,48,68,66
1,2,2,0,0,61,55,52
0,1,1,1,0,68,72,73
1,5,2,1,0,97,95,94
0,3,0,0,1,61,81,87
0,3,0,0,0,64,63,69
0,3,2,0,0,34,46,44
0,1,5,1,0,53,63,62
0,4,3,0,1,78,89,88
0,3,5,1,0,61,70,69
1,5,0,1,0,68,63,61
0,3,2,1,1,47,64,67
0,5,4,1,1,76,86,89
1,5,0,0,0,62,58,61
0,3,2,1,1,71,86,89
1,3,1,1,0,70,63,59
0,4,3,1,0,66,78,76
1,5,2,1,0,90,79,71
1,4,0,1,1,83,80,84
0,3,0,1,0,45,63,59
1,4,3,0,0,37,23,29
1,2,3,0,0,64,62,56
0,4,2,0,1,71,83,84
0,3,1,0,0,65,85,77
0,4,1,0,1,71,91,93
0,2,4,1,1,80,87,84
1,4,1,1,0,87,83,81
0,4,0,1,1,73,85,88
1,2,1,1,0,52,38,44
1,4,0,0,1,56,57,59
0,1,0,1,1,54,74,71
1,4,0,0,0,64,68,57
1,3,3,0,0,51,56,50
1,4,1,1,1,75,72,66
1,2,0,0,0,59,60,58
0,2,3,1,1,77,89,91
0,2,2,0,0,30,35,39
1,5,2,0,0,84,77,73
1,4,0,1,0,61,59,53
1,4,0,0,0,57,64,57
0,3,3,0,0,38,53,49
0,4,1,0,0,57,68,69
1,4,4,0,0,60,61,59
0,3,4,0,0,47,62,52
1,4,1,1,0,51,35,34
1,3,0,0,0,50,46,46
1,2,1,0,0,52,54,48
1,4,3,1,1,74,73,75
1,4,5,1,0,74,79,77
1,2,1,1,0,43,39,38
1,2,0,1,1,80,75,74
1,4,2,0,1,64,60,59
0,3,3,1,1,70,78,79
0,3,1,0,1,42,49,56
1,1,1,0,0,57,63,61
1,3,1,1,0,79,72,60
1,2,2,1,0,68,59,56
1,2,1,1,0,74,79,69
1,3,3,1,0,42,41,38
1,2,4,0,1,87,85,84
1,1,1,1,1,86,70,75
0,2,2,1,1,78,87,93
0,3,4,1,1,80,91,97
1,4,0,1,1,98,95,92
1,5,5,0,0,76,72,69
1,3,5,1,0,66,62,61
1,5,3,1,0,100,90,83
1,3,1,1,0,83,83,78
1,4,1,0,0,59,51,53
0,3,0,0,0,37,42,44
1,3,0,0,0,56,58,51
1,4,4,0,0,86,78,76
0,5,1,1,1,78,83,80
0,4,4,1,1,100,97,100
1,4,3,1,1,94,100,100
0,4,3,1,0,67,65,70
1,3,4,1,0,61,63,59
1,4,2,1,1,52,58,55
0,4,1,0,1,50,55,58
1,4,0,1,0,65,70,70
1,3,0,1,0,51,60,50
1,5,2,1,0,99,89,87
1,3,0,1,0,79,79,76
0,3,5,0,0,60,74,77
1,4,2,1,1,66,58,65
1,2,0,0,0,44,44,41
0,5,2,1,1,88,90,87
0,5,3,1,0,91,100,99
1,2,3,1,0,61,55,56
1,2,2,0,1,64,63,65
1,2,3,1,0,63,66,61
0,3,3,1,0,55,61,60
1,3,1,1,0,61,66,63
1,3,1,1,0,70,66,62
1,4,0,1,0,82,73,73
0,2,2,0,0,48,63,60
0,5,0,1,0,75,77,71
1,3,4,0,1,49,49,53
0,4,1,1,1,68,74,78
0,4,4,1,1,69,82,88
1,1,2,1,0,44,48,43
1,5,3,1,1,84,80,78
1,4,0,1,0,67,69,66
1,1,2,0,0,80,74,77
1,4,1,1,0,67,60,55
0,3,1,1,1,76,84,88
0,3,0,0,0,29,36,32
0,4,2,1,0,70,74,68
0,3,1,0,1,49,61,66
0,5,2,1,0,73,80,75
0,4,2,0,0,79,86,88
0,3,4,0,0,43,47,48
0,4,4,1,0,79,84,88
1,3,3,0,0,78,84,78
1,5,3,1,0,80,67,67
1,3,3,1,1,65,66,67
0,2,2,1,0,71,80,84
1,1,5,0,0,56,69,60
1,3,2,1,1,62,72,66
1,4,1,0,0,46,44,46
1,3,3,0,0,60,56,57
0,3,3,1,0,56,66,70
0,1,3,1,0,73,90,83
0,3,2,1,1,62,71,70
0,1,3,0,0,79,83,80
1,1,0,1,0,75,66,63
0,2,1,1,0,45,57,51
0,2,2,0,1,69,84,78
0,1,0,1,1,46,58,56
1,3,3,1,0,47,42,39
1,2,2,0,0,25,36,34
1,5,1,1,0,82,61,62
0,3,3,1,0,61,66,62
0,3,1,0,0,46,66,64
0,3,1,1,0,50,58,57
0,1,0,1,0,68,64,62
1,3,0,0,0,46,41,32
1,2,2,0,0,68,62,55
1,3,0,1,0,66,62,61
1,2,3,0,0,48,44,39
1,3,4,0,0,58,41,44
1,3,1,0,0,49,50,45
1,2,0,1,0,67,67,56
1,4,2,1,0,61,62,58
0,3,2,1,1,89,100,100
1,3,1,1,1,68,70,66
1,4,5,1,0,99,99,98
0,4,4,1,0,55,75,78
1,5,1,1,0,99,82,77
1,5,0,1,0,69,64,61
0,4,5,1,0,55,61,64
1,4,3,1,0,90,89,82
1,2,3,0,0,58,62,55
0,4,4,0,1,45,64,60
1,3,2,1,0,66,55,49
0,2,2,1,1,66,77,81
1,5,5,1,1,87,90,87
0,3,0,1,1,88,93,93
0,2,1,0,0,47,59,56
0,5,2,1,0,68,72,73
0,2,1,1,1,66,70,77
0,4,3,0,0,61,72,75
1,4,0,1,0,76,66,67
1,3,2,1,0,68,64,59
0,5,1,1,1,74,78,79
0,4,5,1,0,63,68,69
1,4,1,1,1,94,91,92
1,2,0,0,1,68,72,69
1,5,0,1,0,79,76,78
0,1,3,0,1,68,78,74
0,2,5,1,0,65,72,67
1,2,3,1,0,67,74,55
0,3,0,0,0,50,57,57
1,3,4,0,0,75,71,69
0,3,1,1,0,61,61,59
0,3,0,1,0,51,73,63
0,2,0,1,1,81,83,85
1,5,0,1,1,99,91,86
1,2,0,0,0,43,40,40
0,1,0,1,0,60,64,54
1,3,4,1,0,66,67,60
1,4,3,1,1,100,100,100
1,1,0,1,0,65,63,64
1,3,0,0,0,74,65,60
0,1,1,1,0,44,56,51
1,4,2,1,1,90,90,92
1,4,4,0,0,51,50,56
0,3,1,1,0,42,58,56
0,2,0,0,1,50,64,66
0,2,2,1,0,80,91,86
1,3,2,0,0,50,49,45
1,4,0,1,0,84,90,83
1,3,3,0,0,64,55,51
0,2,3,0,1,51,64,63
0,4,1,0,1,59,79,83
0,3,1,1,0,67,71,73
0,4,4,1,1,72,88,93
1,2,2,1,0,58,53,53
0,4,3,1,0,84,94,93
1,3,2,1,0,41,40,35
1,3,2,0,0,55,51,45
1,2,4,0,0,83,82,78
0,4,0,1,0,63,72,75
1,1,2,1,0,79,75,71
0,3,2,0,1,57,75,77
0,3,2,1,0,60,70,62
0,1,2,1,0,61,64,63
1,2,2,1,0,79,80,69
0,3,3,1,0,61,79,76
0,5,0,1,1,54,46,50
1,3,4,0,0,49,58,46
1,5,5,1,1,93,86,85
0,2,0,1,0,69,80,74
0,2,2,1,1,61,78,73
0,3,3,1,1,47,66,68
1,5,2,0,0,64,51,49
0,2,5,1,0,44,56,60
0,5,1,0,0,62,75,77
1,3,0,1,0,76,73,68
1,2,2,1,1,78,73,71
0,1,4,1,0,70,80,82
1,5,4,1,1,92,86,84
1,2,4,0,1,66,65,58
0,4,5,1,0,67,76,81
0,3,2,1,0,31,38,42
0,4,4,1,1,74,76,83
0,5,3,0,1,77,82,78
1,2,2,1,0,68,58,60
0,2,3,1,0,41,52,47
0,5,1,1,0,73,82,80
1,4,4,1,1,79,81,80
1,4,2,1,0,54,50,48
0,3,5,1,0,59,68,71
1,1,0,1,0,67,69,61
1,2,3,0,0,65,65,58
0,2,1,1,0,61,80,75
1,2,0,1,0,48,44,40
1,3,2,1,1,79,83,80
0,2,2,1,0,62,68,69
1,3,0,1,1,82,73,75
1,5,3,0,1,82,69,62
0,2,3,1,1,71,83,83
1,3,3,0,0,78,83,80
0,3,4,0,0,45,57,54
1,5,1,0,1,74,80,73
1,4,4,0,0,76,86,78
1,5,2,1,0,78,78,73
0,4,5,1,1,68,74,81
1,4,4,1,0,71,62,66
1,4,2,1,0,66,59,57
0,4,0,0,1,58,68,71
1,3,1,0,0,41,39,34
0,3,1,0,0,61,68,67
0,2,0,1,1,69,72,70
0,3,3,1,0,57,60,63
1,1,0,1,0,86,74,71
0,3,0,1,0,75,78,75
1,4,0,1,1,94,84,83
0,3,0,1,1,39,53,51
0,4,0,1,0,57,74,66
1,4,0,1,0,74,64,64
1,3,4,0,1,55,56,56
1,2,0,1,0,73,79,66
0,3,2,0,0,45,53,51
1,3,3,1,0,61,58,54
1,1,5,1,1,74,69,75
1,3,3,0,0,59,51,42
0,4,1,1,0,53,65,64
0,5,0,1,0,70,82,83
1,3,1,1,1,83,72,73
0,4,2,1,0,65,58,66
1,4,4,1,0,53,53,53
0,4,2,1,1,82,91,100
0,3,3,1,0,87,88,85
0,3,4,1,0,75,83,86
1,2,1,1,0,43,45,37
1,5,3,0,0,64,61,62
1,5,1,1,0,71,67,67
1,2,4,1,0,85,77,79
1,3,1,0,1,60,63,54
0,3,1,0,0,70,82,75
1,3,1,1,1,100,91,89
0,3,3,1,1,70,75,76
0,3,0,0,1,54,63,60
1,5,4,1,0,68,59,57
1,3,3,0,0,41,44,47
1,2,5,1,0,69,70,65
1,3,5,1,0,80,67,64
1,4,3,1,0,81,75,72
1,2,1,0,1,68,58,64
0,4,1,0,0,59,70,69
1,4,4,1,0,72,69,67
1,3,5,1,0,75,79,74
0,2,4,0,1,55,70,71
1,2,5,1,1,84,89,81
1,3,2,1,0,60,47,46
1,5,3,1,1,86,80,82
1,3,2,1,0,70,64,60
1,2,3,1,0,76,71,70
1,2,5,1,0,74,76,73
0,3,1,1,0,78,81,85
0,2,0,0,0,36,59,51
0,4,0,0,0,53,59,57
0,3,4,1,0,43,49,54
0,5,2,1,0,94,100,95
1,4,3,1,1,74,78,76
0,4,3,1,1,78,93,95
0,4,0,1,0,61,68,68
0,3,0,0,1,53,60,67
0,2,5,1,0,71,90,89
0,3,1,1,0,54,62,62
1,5,3,1,1,93,82,78
0,2,1,0,1,47,63,66
0,5,1,1,1,53,59,61
0,4,2,1,1,74,87,89
1,2,1,1,1,79,61,63
1,3,1,1,1,81,75,78
1,5,2,0,0,77,63,57
1,3,0,0,1,39,37,32
0,4,2,1,0,83,85,88
0,4,1,0,0,75,82,82
1,3,2,0,1,84,86,85
0,3,1,0,1,57,76,76
0,3,3,1,0,69,75,73
1,2,4,1,0,66,48,48
1,3,2,0,1,49,57,54
1,3,0,1,0,67,65,63
0,3,0,1,1,40,57,54
0,4,2,1,0,70,70,74
1,3,3,0,0,54,50,51
1,2,3,1,0,80,68,69
1,2,2,0,0,51,56,51
1,4,1,0,0,66,76,68
1,3,0,0,0,53,59,55
0,4,2,1,0,64,76,77
1,4,0,0,1,60,63,60
0,2,2,1,0,68,70,70
1,2,5,1,1,77,75,76
1,5,3,1,0,83,79,71
1,4,3,1,0,75,76,73
0,4,2,1,0,67,69,74
0,3,4,0,0,36,48,48
1,4,2,1,0,83,84,83
1,2,0,0,1,59,52,54
0,1,2,1,1,51,72,68
0,4,1,1,1,77,86,88
1,2,1,1,0,65,55,51
1,2,5,0,0,61,63,60
1,5,1,1,0,95,83,82
1,4,3,1,1,85,88,88
1,5,0,1,1,81,76,73
1,5,2,0,0,54,52,46
0,3,2,0,0,52,65,65
0,5,0,0,1,80,89,89
0,5,4,1,1,95,88,93
1,3,0,1,0,78,69,65
1,4,2,0,1,71,72,68
1,3,2,0,0,71,59,57
1,3,0,0,1,46,49,52
1,2,1,1,0,57,50,47
0,3,0,1,0,59,64,56
1,4,1,0,0,47,54,50
0,3,1,1,0,47,61,57
1,5,1,1,0,72,68,61
1,5,3,0,1,83,72,73
0,1,2,0,1,66,76,77
0,2,1,1,1,68,85,84
1,3,3,1,0,79,71,70
0,2,2,1,0,61,66,61
0,2,1,1,1,64,76,78
1,3,3,0,0,53,59,53
1,5,0,1,0,65,55,45
0,3,3,1,0,59,67,67
0,1,3,1,0,64,70,71
0,2,2,1,0,63,78,76
1,5,5,0,0,66,66,56
0,5,3,1,0,77,72,80
0,3,0,1,0,54,64,52
1,3,5,1,1,61,61,64
1,3,0,1,0,64,59,57
1,5,1,1,1,91,72,72
0,4,1,1,0,52,66,68
1,4,2,1,0,77,66,66
1,4,4,1,0,84,67,67
1,5,3,1,0,91,82,76
1,2,4,0,0,54,51,46
1,1,3,1,0,84,75,73
0,3,1,1,0,61,62,62
1,3,3,1,0,81,83,82
1,4,4,1,0,51,56,49
1,3,1,1,0,74,65,70
1,4,3,0,0,64,58,57
0,3,2,1,0,64,72,75
0,3,1,0,0,39,60,54
0,3,1,1,0,43,53,45
1,3,0,1,0,51,45,38
1,1,1,1,1,87,76,74
1,5,2,1,0,78,69,67
0,2,1,1,0,68,93,79
0,4,0,0,0,46,65,62
1,5,3,1,0,77,72,71
0,4,5,0,0,62,76,74
0,5,2,0,1,69,77,79
1,5,0,0,0,81,78,71
0,4,0,1,1,73,80,85
0,2,4,0,0,51,63,66
0,3,0,0,0,49,66,59
1,2,5,1,1,62,66,68
1,5,4,1,1,93,87,88
0,4,1,1,0,70,73,78
0,5,2,1,1,98,100,100
1,2,3,0,1,73,74,71
1,3,0,0,0,38,47,40
0,4,3,1,0,88,84,88
0,2,0,1,0,62,73,74
1,3,5,1,0,73,59,61
0,3,1,1,0,58,64,61
1,2,3,1,1,90,85,85
1,3,1,1,1,70,77,68
1,2,4,1,1,86,87,84
0,3,0,1,0,57,51,59
1,5,2,0,0,72,67,56
0,3,3,1,1,48,62,60
1,4,0,1,0,77,72,70
0,4,2,1,1,87,92,100
0,3,1,0,1,41,55,60
1,3,3,0,1,59,61,56
0,4,4,0,1,71,87,92
0,4,0,1,0,55,63,65
0,2,1,1,0,76,87,80
0,3,2,0,1,55,74,73
1,1,3,1,1,75,72,72
0,2,2,1,0,77,86,86
1,4,4,0,0,64,63,62
1,2,4,0,1,72,69,67
0,3,1,1,0,58,63,65
0,1,5,1,0,76,79,75
1,5,1,1,0,55,40,35
0,3,4,1,0,62,65,66
1,3,1,0,0,42,49,43
1,3,0,1,0,83,83,72
1,3,2,1,0,66,65,53
1,2,0,1,0,71,63,58
0,4,2,0,0,53,66,64
0,3,2,1,0,64,63,62
1,3,3,0,1,54,69,68
0,3,3,0,1,65,73,75
0,4,4,0,1,73,81,89
1,4,1,1,0,84,84,87
0,4,2,1,0,95,94,97
1,4,3,1,0,72,60,58
1,4,3,1,0,77,75,72
1,2,2,0,0,52,69,58
1,3,3,0,1,76,81,78
0,4,3,0,1,66,86,84
1,3,1,1,0,73,61,65
0,3,0,0,0,38,47,43
1,5,4,1,0,94,90,86
1,2,0,1,0,65,61,54
0,2,1,0,0,41,53,50
0,2,0,1,1,66,85,82
0,2,2,1,1,53,62,68
0,3,1,0,0,41,40,39
0,2,3,0,0,43,46,55
0,1,2,0,1,57,72,72
0,3,4,1,0,77,83,74
1,2,0,0,1,59,52,56
1,2,5,0,0,74,78,73
0,3,0,1,0,63,74,75
1,1,3,1,0,63,46,45
0,4,2,0,0,57,78,75
1,2,1,0,1,55,59,53
1,5,3,0,1,84,79,77
0,4,2,0,0,41,48,49
0,5,1,0,0,63,68,73
1,3,1,1,0,72,71,67
1,3,0,0,0,68,66,61
0,3,3,1,1,78,84,93
0,2,2,1,1,95,98,100
0,5,2,0,0,30,42,37
1,3,1,1,0,71,68,60
1,3,0,1,0,51,54,50
1,1,0,1,0,72,76,73
0,4,2,1,0,50,55,64
0,1,2,0,0,50,73,67
1,5,0,1,1,90,87,90
1,3,3,1,0,54,54,53
0,5,2,0,0,71,80,74
0,1,3,1,0,83,88,93
1,4,2,0,1,80,81,70
0,3,3,0,1,40,61,56
1,1,2,0,1,70,68,73
1,2,5,1,0,79,71,68
1,3,5,1,0,69,63,59
1,4,4,1,0,95,93,96
1,5,3,0,0,65,56,54
0,4,0,1,1,43,47,53
0,2,3,1,1,94,100,100
1,5,1,0,0,64,53,51
1,4,3,0,1,80,78,78
0,3,1,0,0,38,55,49
0,3,2,0,0,37,44,43
0,4,3,1,0,38,48,45
0,3,0,1,1,75,97,93
1,1,0,0,0,60,49,54
0,3,4,1,0,87,87,89
1,4,0,1,1,99,88,93
0,3,3,1,0,78,81,79
0,2,3,0,1,44,57,59
1,2,3,0,0,61,61,54
0,4,0,0,0,50,61,62
1,5,1,1,0,75,72,64
0,4,2,0,1,74,93,92
0,5,2,1,1,56,73,74
1,5,0,1,1,67,57,63
1,3,1,1,1,53,59,55
1,3,2,0,0,50,43,38
0,4,2,1,1,67,73,80
0,4,2,0,0,48,53,51
1,2,2,0,1,80,70,74
0,4,0,1,1,67,85,89
0,3,3,0,1,53,64,72
0,4,2,1,0,82,100,100
1,2,4,1,0,84,75,72
1,4,2,0,0,75,70,63
0,2,3,1,0,53,63,55
0,4,1,1,1,83,92,93
1,3,0,1,0,61,56,52
0,3,1,1,1,84,91,96
0,1,3,0,0,58,66,67
1,4,1,1,0,78,68,67
0,3,5,0,0,71,79,74
0,1,0,1,0,59,80,79
0,3,3,1,0,80,94,87
0,2,2,0,0,28,43,43
0,2,2,1,1,85,83,89
1,2,1,0,1,43,47,36
0,4,3,0,1,73,83,83
0,3,1,1,0,53,56,60
0,3,1,1,0,70,82,78
0,4,3,1,0,72,82,85
1,3,3,1,0,59,56,56
1,4,1,1,0,59,52,51
0,3,2,1,0,39,47,47
0,2,5,0,0,62,66,66
0,5,4,0,0,59,63,67
1,5,3,0,0,68,62,52
0,3,1,1,1,85,88,87
1,3,2,0,0,67,69,68
1,2,0,1,0,89,83,78
1,4,2,1,0,53,54,52
1,4,4,1,0,85,79,80
0,1,4,1,0,74,87,81
0,4,0,1,1,56,65,70
0,1,1,0,0,46,72,64
0,3,1,1,1,30,37,42
0,2,0,0,0,39,44,41
1,4,0,0,0,69,63,59
0,5,0,0,0,53,68,66
0,5,0,1,1,85,89,90
0,3,2,0,0,63,73,66
0,1,5,1,1,69,76,77
1,2,2,1,0,58,56,52
1,1,2,1,0,76,73,68
0,4,4,0,0,54,68,65
1,5,2,0,0,89,78,78
0,4,4,1,0,68,71,79
1,3,2,0,1,62,53,53
0,4,1,1,0,55,56,56
1,2,1,1,0,71,62,64
1,4,5,1,0,81,59,70
1,3,2,0,0,60,53,47
1,2,5,1,1,54,58,65
1,4,5,0,1,73,69,75
1,4,2,0,1,87,87,82
0,4,2,1,0,69,80,81
1,3,3,0,0,87,82,80
1,4,3,1,0,67,48,54
1,3,3,0,1,61,78,77
0,4,2,1,0,68,73,76
0,3,3,1,0,78,88,82
1,4,3,1,1,86,76,84
1,3,5,1,0,70,71,71
1,4,0,0,0,53,55,50
1,4,0,1,1,85,89,95
0,4,1,1,0,53,51,56
1,3,3,0,0,80,80,74
1,3,3,0,0,65,61,55
0,3,0,1,0,78,73,73
1,4,0,0,1,38,38,40
1,5,4,1,0,87,76,70
1,4,0,0,0,66,66,59
0,1,4,0,1,61,72,73
0,4,2,0,0,71,66,69
0,4,5,1,1,84,99,100
1,4,1,1,0,79,69,70
1,2,2,1,0,80,65,70
0,5,1,1,0,84,82,81
0,2,3,1,0,70,82,77
1,3,0,1,1,52,57,54
1,5,1,1,0,93,80,74
1,3,3,1,1,74,82,83
1,3,3,1,0,65,52,53
1,2,3,1,0,60,56,52
1,2,2,0,0,46,53,47
0,4,5,1,0,72,73,74
1,2,2,0,0,59,70,63
1,2,2,1,0,66,58,57
1,3,3,1,0,55,55,47
0,3,4,0,0,45,64,58
1,3,0,1,1,87,91,91
1,3,2,1,0,44,46,44
1,3,4,1,0,68,59,57
0,3,3,0,0,71,83,79
1,2,1,0,1,54,59,55
1,1,5,0,0,88,86,85
1,3,3,1,0,80,73,70
1,4,5,1,1,65,69,74
1,2,4,0,0,76,69,67
1,3,1,1,0,70,58,55
1,4,0,1,1,59,56,51
0,3,3,1,0,67,68,64
1,2,1,0,0,38,45,32
1,3,5,1,1,89,88,91
0,2,0,1,0,54,66,62
1,5,5,1,0,75,66,64
0,4,3,1,0,56,76,70
1,5,1,1,1,93,85,88
0,2,0,1,0,53,55,51
1,3,2,1,1,79,78,76
0,4,2,0,0,51,53,58
0,3,4,1,0,51,60,58
0,5,1,0,0,54,66,61
1,1,1,1,0,63,57,54
1,3,0,1,0,68,70,62
1,2,2,1,0,50,48,36
1,4,2,0,0,52,56,55
1,5,2,0,0,51,45,48
0,3,1,1,1,47,43,45
1,3,5,1,0,72,67,61
0,4,2,1,0,56,49,54
1,4,3,0,0,35,34,32
0,4,3,1,0,86,91,97
1,3,2,0,0,70,60,59
1,3,1,1,0,63,58,54
0,5,1,1,0,85,81,81
0,3,1,1,0,45,64,63
0,1,1,0,0,51,77,69
0,2,0,1,1,45,55,56
0,3,0,0,1,60,71,62
1,2,5,0,0,73,65,62
0,4,1,0,1,80,88,96
1,4,1,1,0,83,78,76
0,3,0,1,1,77,82,84
0,4,2,0,0,57,65,61
1,2,3,1,0,59,62,56
1,5,0,1,0,73,65,64
0,3,5,1,0,55,64,66
1,3,4,0,0,77,77,66
0,3,1,0,0,72,79,76
0,5,0,0,0,58,65,55
1,1,2,1,0,83,73,73
0,3,4,0,0,67,79,73
1,4,2,1,0,80,75,75
1,5,0,1,0,72,64,61
1,3,0,1,0,65,60,53
0,3,2,1,0,59,60,63
0,4,0,0,1,65,78,81
1,2,4,0,0,65,64,62
1,1,0,0,1,77,78,79
1,2,1,1,0,70,68,61
1,5,1,1,1,64,67,65
1,3,0,1,1,84,89,86
1,5,2,0,0,85,78,67
1,2,3,1,1,85,87,80
0,3,3,1,1,79,90,87
0,2,1,0,0,31,36,33
1,4,2,1,0,59,41,42
0,3,2,1,0,70,80,77
0,3,2,0,0,55,67,70
0,3,2,0,0,45,60,63
0,2,5,1,0,53,66,67
1,1,3,1,0,78,82,76
1,4,1,1,0,57,55,52
1,3,3,0,0,59,63,60
1,2,2,1,1,86,89,84
1,2,2,1,1,56,63,62
0,2,3,1,1,97,100,100
1,3,0,0,0,66,67,61
0,2,5,1,0,67,82,78
0,3,2,0,0,57,69,72
1,3,3,1,0,66,67,60
1,5,0,1,1,92,77,75
1,5,1,1,0,98,88,87
0,5,3,0,0,78,87,86
1,3,0,1,1,44,37,38
0,2,1,1,1,60,70,68
0,5,1,1,1,98,100,100
1,4,0,1,0,92,91,88
1,2,0,0,0,45,38,36
0,1,1,0,0,77,77,82
1,3,1,1,1,47,46,40
0,4,1,1,1,78,84,90
0,3,2,1,0,55,68,66
1,4,2,1,1,79,73,73
0,3,2,1,0,56,72,68
0,4,1,1,0,83,92,93
1,2,4,1,1,71,83,72
0,3,0,1,0,41,42,41
0,3,0,1,1,53,66,71
1,2,4,1,0,60,44,48
1,4,2,1,1,83,82,78
1,3,0,1,1,54,49,51
0,3,0,0,0,38,56,56
1,5,2,0,1,89,79,82
1,4,0,1,0,59,49,47
0,3,1,1,0,66,60,59
0,2,2,1,1,63,74,75
1,2,4,1,0,88,79,81
1,5,1,0,0,48,39,37
0,1,3,0,1,52,79,76
1,4,2,1,0,78,77,77
0,5,3,0,0,80,65,72
0,4,3,0,0,74,85,80
1,2,2,1,0,84,87,81
0,3,1,1,0,56,69,63
1,5,4,0,1,57,59,63
1,3,3,1,0,86,77,73
1,2,3,1,1,59,57,57
0,2,3,0,1,41,61,54
1,3,4,1,0,66,60,54
0,3,0,0,0,41,48,47
1,4,2,0,0,56,55,56
1,4,4,1,1,88,75,76
1,4,3,1,1,91,97,94
1,3,5,1,1,91,95,96
0,4,0,0,1,62,71,79
0,3,5,1,1,71,79,82
1,4,2,0,0,42,42,40
0,4,0,0,1,48,56,61
0,2,0,1,0,65,75,72
1,1,0,1,1,75,59,59
0,4,5,1,0,49,55,56
1,3,0,1,0,49,49,47
0,2,3,1,0,74,77,75
1,4,0,0,1,75,80,78
0,4,2,0,0,53,65,66
0,3,1,0,0,77,83,80
1,2,3,0,0,55,44,39
1,2,0,0,0,47,50,42
0,5,1,0,0,75,81,78
1,4,3,1,0,84,82,78
1,5,1,0,0,46,44,32
1,2,0,1,1,77,75,73
0,2,4,1,1,79,98,100
1,4,1,1,0,76,51,56
1,4,1,1,0,71,64,61
0,2,3,0,1,61,70,66
0,3,1,1,1,74,89,89
0,4,2,0,1,60,66,63
0,5,2,1,0,78,69,74
0,4,1,1,0,79,82,86
1,3,0,1,0,87,76,71
1,4,0,1,0,66,63,56
0,3,1,0,0,69,85,82
1,3,2,0,1,82,90,89
1,4,4,1,0,72,62,59
0,3,4,1,1,51,59,71
0,1,1,0,0,55,59,68
0,3,1,0,0,63,70,68
1,4,3,0,0,65,58,54
1,5,3,0,0,93,73,71
0,3,2,1,1,68,73,78
0,2,5,1,0,74,76,76
0,2,1,0,1,64,74,68
0,4,1,1,0,92,89,95
1,2,5,1,0,79,81,76
1,4,2,1,1,65,71,68
0,5,5,1,0,83,81,83
0,1,4,1,1,63,59,65
0,2,3,0,1,65,77,81
0,3,1,1,1,56,73,68
1,2,0,1,0,80,71,64
1,2,0,1,0,57,57,55
0,1,4,0,0,63,79,79
1,2,1,1,0,46,53,47
1,3,5,0,1,69,65,65
1,4,4,0,1,66,74,74
0,4,2,1,1,80,86,100
1,3,5,1,0,71,75,69
1,5,0,0,0,70,70,64
1,3,4,0,0,56,50,51
0,2,2,1,0,52,59,58
1,5,3,0,1,91,89,83
1,5,2,0,0,71,67,65
0,4,1,0,1,62,80,78
0,3,0,1,1,72,91,84
1,4,3,1,0,67,73,71
1,3,3,1,0,79,63,67
0,4,4,1,0,63,75,75
1,3,0,1,1,72,63,65
1,4,0,1,0,66,57,59
1,2,0,1,0,71,62,57
0,3,2,1,0,86,95,84
0,3,4,1,0,69,71,71
0,5,3,1,1,92,82,93
1,4,2,0,0,49,52,46
0,5,4,0,0,75,77,72
0,4,3,1,0,40,51,55
1,3,0,1,0,71,62,58
1,4,1,1,0,63,64,59
0,3,0,1,0,51,52,54
1,5,3,1,0,70,63,60
0,2,2,1,1,50,65,68
1,1,3,1,1,68,65,68
1,5,0,1,1,61,56,56
1,3,3,0,0,76,81,78
0,4,4,0,0,67,81,78
0,5,1,1,1,66,75,78
1,3,1,1,1,62,65,66
0,1,0,1,0,52,68,60
1,2,3,0,0,77,75,71
1,2,1,1,1,70,61,70
1,4,5,1,0,74,71,72
0,4,2,1,1,89,100,100
1,4,1,1,0,60,48,54
0,4,5,0,0,61,75,77
1,1,1,1,1,74,74,69
1,3,2,1,0,46,55,48
1,3,0,0,0,46,46,42
1,2,4,0,0,54,59,54
0,4,0,1,0,72,79,77
1,3,2,1,0,61,69,59
0,3,0,0,0,59,75,70
1,3,1,1,0,61,58,56
0,1,3,1,0,87,90,93
1,4,2,1,1,95,79,90
0,2,2,1,1,68,86,81
1,4,4,0,0,65,62,62
0,4,2,0,0,34,55,55
0,3,2,0,0,21,41,34
0,4,1,0,1,66,76,72
0,3,5,0,1,47,67,62
0,4,0,1,0,44,55,50
0,4,4,1,0,94,88,91
1,2,1,1,0,70,63,61
1,2,2,1,0,69,74,66
1,4,1,1,0,66,59,58
1,2,1,1,1,69,69,68
1,4,2,1,0,71,73,75
0,3,0,0,1,56,69,72
0,1,2,1,0,71,81,78
0,4,1,1,0,83,96,89
0,4,2,1,0,93,91,90
0,2,5,1,0,74,80,77
1,1,0,1,1,71,67,71
0,5,2,0,0,65,68,60
1,3,3,0,0,56,57,49
1,1,1,0,1,33,41,37
0,4,2,1,0,55,60,63
1,4,0,1,0,73,78,74
1,4,3,1,0,74,71,70
0,4,2,1,0,70,83,80
1,4,1,1,1,80,72,73
1,3,2,1,0,82,73,69
1,3,0,1,0,94,81,84
0,2,3,1,0,64,65,67
1,3,5,1,0,65,71,68
0,2,1,1,0,45,57,54
1,3,1,1,0,91,87,85
0,2,1,0,1,53,73,65
1,3,0,0,1,52,56,55
0,2,1,0,1,72,86,85
1,4,2,1,0,90,77,77
0,4,2,0,1,66,80,84
0,3,1,1,1,56,65,66
1,3,3,1,0,85,75,73
1,3,3,1,0,84,90,92
0,5,1,1,0,71,83,79
1,3,1,1,0,82,85,78
1,3,3,0,0,71,66,56
0,4,2,0,0,22,32,34
0,2,1,1,0,77,82,79
1,5,3,1,0,95,84,73
1,3,1,1,0,87,80,79
0,4,0,0,1,49,66,64
1,3,1,1,0,67,64,58
0,4,2,0,1,59,76,69
0,4,2,1,0,64,75,75
1,3,2,0,1,70,80,81
0,4,2,1,1,78,89,91
0,4,2,1,0,81,94,94
1,2,3,1,1,73,56,62
1,4,2,1,0,72,57,62
0,4,2,1,0,82,81,83
1,2,3,0,0,60,69,63
0,4,3,0,0,64,78,77
1,4,3,1,0,61,54,55
0,4,2,1,1,91,92,100
0,1,4,0,1,52,53,55
1,1,0,1,0,63,54,52
1,5,1,1,0,77,80,63
0,2,2,1,0,33,55,42
1,2,1,1,0,50,48,43
1,3,0,1,0,77,84,80
0,5,2,1,0,73,70,65
1,3,4,0,0,41,32,34
0,1,0,1,1,56,71,67
0,1,2,1,0,81,94,87
1,5,0,0,0,59,55,45
0,4,2,1,0,74,84,77
1,3,1,0,1,52,63,60
1,3,3,0,0,51,49,48
1,5,0,1,0,80,66,62
1,3,2,0,0,41,44,40
1,4,2,1,1,89,92,87
0,3,4,0,0,47,58,60
0,2,1,1,1,64,76,79
0,1,3,1,1,79,85,90
1,5,1,0,1,63,62,59
1,3,1,1,0,88,86,82
0,4,1,1,0,63,74,81
1,3,5,1,0,72,56,59
0,4,0,1,0,65,64,74
0,2,0,0,1,33,51,49
0,3,4,1,1,51,57,60
1,4,0,1,0,58,48,50
0,4,1,1,1,51,59,66
0,5,5,1,1,85,88,93
1,4,2,1,0,73,73,62
0,2,0,1,0,62,76,71
0,4,2,1,0,82,89,96
0,5,2,0,1,43,49,49
1,2,5,0,1,82,91,87
0,2,1,0,0,57,55,57
0,3,3,0,1,43,47,43
1,3,3,0,1,79,67,64
1,4,3,1,1,72,77,76
0,3,1,1,0,56,65,59
0,3,1,1,0,66,80,76
1,3,0,1,1,77,72,78
1,2,5,1,0,59,60,56
0,4,2,1,1,56,67,71
0,1,3,1,1,71,88,85
0,5,3,0,0,71,78,78
0,3,2,1,1,75,92,87
1,2,3,1,1,93,100,94
0,2,1,1,0,74,71,70
1,3,0,1,1,59,53,55
1,3,0,1,0,74,57,58
1,4,4,1,0,99,89,92
0,2,1,1,0,75,82,78
1,2,1,0,1,48,49,50
0,3,2,1,0,58,68,66
1,3,2,1,0,69,73,63
1,5,3,0,1,81,76,73
0,4,3,0,0,56,62,60
0,4,1,1,0,77,81,83
0,4,4,1,1,55,75,73
1,3,5,0,0,81,88,83
0,5,0,0,0,68,79,80
0,4,5,1,0,98,100,100
1,2,0,0,1,67,66,66
1,5,1,1,0,74,66,59
0,2,2,1,1,84,96,90
1,4,3,0,0,57,43,45
1,2,1,1,1,74,75,72
1,4,1,0,1,59,59,64
0,3,1,0,1,65,73,76
1,5,1,1,0,90,69,72
1,3,0,1,0,68,66,58
1,4,4,0,0,76,71,77
0,3,3,0,1,74,74,77
1,3,2,1,1,71,65,64
1,4,0,0,1,50,51,55
1,3,0,1,0,52,48,43
0,3,3,1,0,61,67,70
1,3,3,0,0,70,73,66
0,3,1,1,0,61,74,71
0,2,1,1,0,75,86,82
0,3,0,1,1,58,74,72
1,5,2,0,1,90,89,92
1,4,3,0,0,65,56,53
1,5,1,0,0,53,65,57
1,4,4,0,0,44,45,35
0,3,3,1,0,93,96,98
0,2,1,0,0,43,59,56
1,5,3,1,1,100,97,90
1,2,1,1,0,87,83,82
1,2,0,1,1,63,69,60
1,2,5,1,0,76,67,64
0,3,1,1,0,43,55,49
1,5,0,0,0,60,42,37
1,2,4,0,0,53,45,47
0,3,4,1,1,66,82,81
0,1,3,1,0,66,69,70
0,2,3,0,0,33,47,45
1,4,2,1,0,86,77,77
0,4,2,1,0,63,75,73
1,3,3,0,1,62,58,56
1,2,0,1,0,78,68,60
0,3,3,0,0,46,61,62
1,5,5,0,1,70,75,74
1,4,0,1,0,66,65,62
1,5,0,1,0,54,42,34
0,2,0,0,0,41,48,48
1,4,1,1,1,59,61,64
1,2,3,1,0,83,71,69
0,3,2,1,1,61,71,68
1,2,5,1,0,86,71,70
0,5,5,1,1,65,73,70
1,3,1,1,0,67,57,51
1,3,4,0,0,56,65,57
0,4,2,0,0,67,63,65
1,2,1,1,0,85,82,74
1,3,3,1,0,66,65,67
0,1,5,1,1,59,79,81
0,2,0,1,0,52,62,61
1,3,1,0,0,46,50,39
0,3,3,1,1,71,86,88
0,4,4,1,0,78,71,77
0,3,0,0,0,7,28,22
1,2,2,0,1,65,63,66
1,4,0,0,1,84,75,79
0,4,3,0,1,74,83,91
1,4,4,1,1,63,55,67
0,1,2,1,0,63,74,68
0,5,3,1,0,56,56,59
0,3,2,0,1,53,67,67
0,2,4,1,1,63,75,78
1,4,3,1,0,57,57,51
1,4,1,1,0,71,69,65
1,3,2,1,1,63,69,69
0,1,3,1,0,83,91,94
1,5,2,1,0,92,79,78
0,4,3,0,1,74,84,85
0,5,2,0,1,58,59,62
1,1,3,0,0,49,44,37
0,4,3,0,1,51,69,66
1,5,1,1,1,99,71,82
0,4,1,0,1,61,76,72
1,4,2,1,0,68,77,69
1,4,1,1,0,86,81,74
1,3,1,1,0,51,46,44
1,5,3,1,0,90,81,75
1,1,0,0,0,58,55,55
0,2,5,1,1,79,92,96
0,2,3,0,0,71,75,68
0,4,1,1,1,72,82,85
0,2,3,1,1,63,72,76
0,2,0,1,1,77,82,80
0,4,5,1,0,78,87,86
1,3,0,1,0,59,60,50
1,3,0,1,0,61,65,57
0,2,1,1,1,93,86,97
1,3,0,0,1,71,84,85
1,3,3,1,0,67,63,63
1,2,3,1,0,83,83,80
1,4,4,0,1,61,55,57
1,5,1,1,1,91,88,91
1,3,4,0,0,34,36,36
0,3,2,0,1,33,52,50
0,4,4,1,1,67,75,80
0,4,3,0,0,79,93,88
1,3,1,0,0,62,52,49
1,3,4,1,1,83,84,84
1,3,2,0,1,70,70,72
1,3,3,1,1,77,68,71
1,2,0,0,0,45,43,40
1,5,3,1,0,100,96,91
1,1,3,1,1,62,63,55
1,3,1,0,0,44,40,36
0,2,2,0,0,31,57,56
0,5,1,1,1,74,75,82
1,3,2,1,0,88,91,91
0,1,2,1,0,54,57,55
1,4,0,1,0,64,55,48
0,3,3,0,0,39,52,47
1,3,1,1,1,74,62,70
0,5,2,1,0,93,88,85
0,4,3,0,0,55,70,66
0,3,3,1,0,57,63,57
1,4,3,1,0,77,69,68
0,3,2,1,1,72,79,80
1,4,3,1,1,67,79,76
0,3,2,1,0,63,63,69
1,3,2,1,1,66,60,53
1,2,1,1,0,67,72,68
1,3,1,1,1,69,53,60
0,4,1,0,0,36,60,52
0,5,3,0,0,53,56,60
1,3,5,1,0,77,68,69
1,4,1,1,0,88,92,83
0,5,3,0,0,51,55,58
1,3,3,1,0,58,50,44
1,5,4,1,0,92,83,73
1,2,2,0,0,53,45,43
1,3,0,1,0,80,69,65
1,4,5,0,1,67,65,68
0,4,3,1,1,78,85,80
0,3,2,1,0,69,80,73
0,5,5,1,0,100,100,100
0,4,0,1,0,87,85,90
0,5,3,1,0,83,83,84
0,2,4,0,1,72,84,90
0,4,5,1,0,88,85,90
1,4,4,0,1,36,39,46
1,3,4,1,1,84,72,81
1,2,2,1,0,70,79,76
0,2,0,1,0,50,57,55
1,3,0,1,0,66,56,55
0,4,1,1,0,68,74,76
1,4,0,0,0,31,35,34
0,2,3,0,1,55,76,76
1,4,2,0,1,45,54,52
1,3,0,1,0,72,63,65
1,3,2,1,1,66,66,65
0,4,3,1,0,64,74,75
1,3,2,1,0,74,62,62
0,5,2,1,0,79,89,87
0,1,5,1,1,96,97,100
1,2,3,0,1,85,86,85
0,1,3,1,0,92,90,91
1,3,1,1,0,64,57,49
1,4,3,1,1,84,82,83
1,5,0,1,0,89,85,77
1,1,3,0,0,44,47,36
1,2,3,1,0,84,84,80
1,3,3,1,1,85,90,90
1,3,0,0,0,38,43,36
1,4,3,1,0,79,82,80
1,3,2,1,0,79,72,78
1,3,1,1,0,67,67,58
1,2,2,0,0,81,78,72
0,5,3,1,0,73,60,69
0,3,3,0,1,33,42,48
1,3,2,0,0,47,42,44
1,3,3,1,1,89,80,83
0,4,3,1,0,89,92,91
1,5,1,1,0,83,78,67
0,4,0,1,0,67,73,79
0,4,1,1,1,93,100,100
1,3,4,1,0,68,68,55
1,4,3,1,0,84,87,80
1,4,5,1,1,87,77,85
1,2,5,0,0,67,64,61
1,3,4,1,0,68,65,63
0,4,3,1,0,72,81,82
1,3,0,1,0,78,82,70
0,4,2,0,0,61,62,68
0,5,0,0,1,75,87,79
1,4,1,0,0,56,52,50
0,3,2,0,1,66,74,80
0,2,2,1,1,70,79,75
0,2,2,0,0,63,84,81
1,3,2,0,0,76,77,66
1,4,4,1,1,94,88,94
1,3,2,1,1,70,62,68
0,4,0,0,1,29,42,46
1,4,1,1,0,73,62,61
0,2,3,1,1,83,84,88
1,2,0,0,0,40,42,32
0,3,2,0,0,62,76,75
